POM3A , SPEA2100, 100, 'hv: 1314402.9829', 'hv: 1319739.3705', 'hv: 1315039.9335', 'hv: 1315682.1902', 'hv: 1313041.5152', 'hv: 1312459.895', 'hv: 1320291.1124', 'hv: 1319144.0079', 'hv: 1309786.1988', 'hv: 1318536.2223', 'hv: 1316375.5715', 'hv: 1312654.2643', 'hv: 1308530.3495', 'hv: 1317805.4855', 'hv: 1314327.5123', 'hv: 1315753.8725', 'hv: 1318915.0867', 'hv: 1314349.1758', 'hv: 1310083.6303', 'hv: 1310906.5052', 'spread: 0.564908751428', 'spread: 0.651007801136', 'spread: 0.627959665254', 'spread: 0.655728786072', 'spread: 0.672466116754', 'spread: 0.766355967547', 'spread: 0.76524631424', 'spread: 0.708473346895', 'spread: 0.716324535691', 'spread: 0.689797796538', 'spread: 0.780038689593', 'spread: 0.65806182101', 'spread: 0.660653457639', 'spread: 0.806325236437', 'spread: 0.782792689147', 'spread: 0.622516749419', 'spread: 0.751017483037', 'spread: 0.67461996274', 'spread: 0.684479660467', 'spread: 0.629742610143'
POM3A , SWAY51225, 1225, 'hv: 1249289.4073', 'hv: 1050592.7133', 'hv: 1141817.667', 'hv: 1183092.7183', 'hv: 1148445.6223', 'hv: 996988.3577', 'hv: 1215669.3884', 'hv: 1187747.3645', 'hv: 1193702.9587', 'hv: 1212581.8629', 'hv: 1213495.1081', 'hv: 1270266.2535', 'hv: 1099921.6506', 'hv: 975928.7802', 'hv: 1181914.4392', 'hv: 1098406.2218', 'hv: 1188967.2156', 'hv: 945914.3652', 'hv: 1180884.8316', 'hv: 1048422.2716', 'spread: 0.470048521907', 'spread: 0.558349637133', 'spread: 0.491091819604', 'spread: 0.398988006454', 'spread: 0.400667570657', 'spread: 0.462632400995', 'spread: 0.49701632608', 'spread: 0.594258684186', 'spread: 0.368723012676', 'spread: 0.543569258445', 'spread: 0.553081518477', 'spread: 0.454619698233', 'spread: 0.492117218634', 'spread: 0.529428912266', 'spread: 0.468093353321', 'spread: 0.524863595969', 'spread: 0.45884134931', 'spread: 0.572131641603', 'spread: 0.396467870685', 'spread: 0.365467379798'
POM3A , SWAY55000, 5000, 'hv: 1216439.7472', 'hv: 1006992.3907', 'hv: 1189070.3381', 'hv: 1020875.5678', 'hv: 1236466.7593', 'hv: 1213871.6211', 'hv: 1239036.2996', 'hv: 1246274.6847', 'hv: 1212744.4826', 'hv: 1223844.1264', 'hv: 1232524.5796', 'hv: 1238927.9496', 'hv: 1209371.5413', 'hv: 1094444.98', 'hv: 1124540.8242', 'hv: 1164923.3612', 'hv: 1153358.2266', 'hv: 1169478.4373', 'hv: 1187839.5478', 'hv: 1158088.3943', 'spread: 0.443915549691', 'spread: 0.586542956105', 'spread: 0.432034598511', 'spread: 0.51262031392', 'spread: 0.40364640953', 'spread: 0.554714524557', 'spread: 0.439978017641', 'spread: 0.427095402088', 'spread: 0.420964882542', 'spread: 0.398392662347', 'spread: 0.391703035201', 'spread: 0.409928572545', 'spread: 0.36374747875', 'spread: 0.437954052164', 'spread: 0.442070675949', 'spread: 0.44014536584', 'spread: 0.386462673608', 'spread: 0.386188121566', 'spread: 0.446293119277', 'spread: 0.44519989643'
POM3A , SWAY52500, 2500, 'hv: 1225237.2029', 'hv: 1221905.0532', 'hv: 1140477.301', 'hv: 1243949.5135', 'hv: 1205547.743', 'hv: 1188657.855', 'hv: 1226925.4796', 'hv: 1158582.1458', 'hv: 1222792.6405', 'hv: 1003707.3735', 'hv: 1257621.982', 'hv: 1142405.934', 'hv: 1218412.5432', 'hv: 1209000.4462', 'hv: 1177719.3477', 'hv: 1212157.21', 'hv: 990287.4677', 'hv: 1228915.0385', 'hv: 1037015.0729', 'hv: 1240600.4948', 'spread: 0.451152769305', 'spread: 0.637301730927', 'spread: 0.360064304927', 'spread: 0.36911499827', 'spread: 0.410898945135', 'spread: 0.498948064741', 'spread: 0.528838945918', 'spread: 0.40161646002', 'spread: 0.392027206552', 'spread: 0.519293453626', 'spread: 0.533358528894', 'spread: 0.418767617029', 'spread: 0.456328200294', 'spread: 0.448580587612', 'spread: 0.386230908088', 'spread: 0.452742008042', 'spread: 0.453894019136', 'spread: 0.368834849792', 'spread: 0.490021869114', 'spread: 0.553922139174'
POM3A , SWAY510000, 10000, 'hv: 1250067.7919', 'hv: 866048.6052', 'hv: 1164907.19', 'hv: 1070031.3827', 'hv: 1238845.4683', 'hv: 1238463.4717', 'hv: 1256917.6664', 'hv: 1177319.7449', 'hv: 1222890.9584', 'hv: 1266277.0926', 'hv: 1241973.9161', 'hv: 1071714.994', 'hv: 1166336.6812', 'hv: 1242051.499', 'hv: 1259591.8345', 'hv: 1175946.5552', 'hv: 1245019.5743', 'hv: 1228451.7363', 'hv: 1270026.2134', 'hv: 1237156.3611', 'spread: 0.443548162602', 'spread: 0.471794855576', 'spread: 0.474150369348', 'spread: 0.485399551114', 'spread: 0.46325080397', 'spread: 0.455116532053', 'spread: 0.366125133796', 'spread: 0.403267091673', 'spread: 0.529514571411', 'spread: 0.478082629735', 'spread: 0.413812332072', 'spread: 0.41690050634', 'spread: 0.426183545021', 'spread: 0.470600024564', 'spread: 0.473809474685', 'spread: 0.567480484053', 'spread: 0.449676386283', 'spread: 0.45028158298', 'spread: 0.31848612886', 'spread: 0.422942270096'
POM3A , NSGAII100, 100, 'hv: 1323780.4843', 'hv: 1312180.8707', 'hv: 1326376.4216', 'hv: 1316723.755', 'hv: 1319156.1954', 'hv: 1323010.2408', 'hv: 1320881.7038', 'hv: 1311245.9327', 'hv: 1317008.5296', 'hv: 1316045.6701', 'hv: 1321356.5786', 'hv: 1313602.2505', 'hv: 1317357.9927', 'hv: 1313407.7939', 'hv: 1310987.5721', 'hv: 1319075.1007', 'hv: 1309105.7433', 'hv: 1314761.3067', 'hv: 1314386.9435', 'hv: 1311764.0288', 'spread: 0.727086146829', 'spread: 0.560582875131', 'spread: 0.70212709434', 'spread: 0.812604142391', 'spread: 0.649847751426', 'spread: 0.621539950611', 'spread: 0.634828508147', 'spread: 0.670556397226', 'spread: 0.744729379106', 'spread: 0.683232343043', 'spread: 0.753083770084', 'spread: 0.64921000387', 'spread: 0.621799657805', 'spread: 0.572226925313', 'spread: 0.700015658199', 'spread: 0.671098502321', 'spread: 0.741148197407', 'spread: 0.815620254708', 'spread: 0.629381887317', 'spread: 0.709343624548'
POM3B , SPEA2100, 100, 'hv: 1312994.729', 'hv: 1309323.0533', 'hv: 1303417.6023', 'hv: 1314476.5899', 'hv: 1313506.5522', 'hv: 1316579.2074', 'hv: 1305546.3679', 'hv: 1303337.723', 'hv: 1316926.5831', 'hv: 1302517.601', 'hv: 1307365.7643', 'hv: 1317442.1299', 'hv: 1326179.06', 'hv: 1309880.5057', 'hv: 1306428.3249', 'hv: 1310648.2738', 'hv: 1305620.813', 'hv: 1300963.6973', 'hv: 1315571.9846', 'hv: 1304920.0061', 'spread: 0.687335967167', 'spread: 0.626518616905', 'spread: 0.611909689067', 'spread: 0.769285454108', 'spread: 0.648528068845', 'spread: 0.615260999034', 'spread: 0.707096999283', 'spread: 0.610162201958', 'spread: 0.749439053341', 'spread: 0.650935437226', 'spread: 0.626849414701', 'spread: 0.67053813955', 'spread: 0.760702697742', 'spread: 0.681838011623', 'spread: 0.689933766229', 'spread: 0.776795678874', 'spread: 0.643258300178', 'spread: 0.540246892103', 'spread: 0.615535333356', 'spread: 0.61958519875'
POM3B , SWAY51225, 1225, 'hv: 1127149.8799', 'hv: 822957.8893', 'hv: 1272505.7203', 'hv: 1164935.1582', 'hv: 1239129.2196', 'hv: 1116062.7006', 'hv: 1090483.7491', 'hv: 1024716.2527', 'hv: 1002373.4259', 'hv: 1086272.4012', 'hv: 990838.1554', 'hv: 1165216.6491', 'hv: 1218212.4994', 'hv: 1144704.8484', 'hv: 1113153.7519', 'hv: 890698.5327', 'hv: 1174611.9742', 'hv: 1175286.5881', 'hv: 1207237.5241', 'hv: 1190373.5517', 'spread: 0.401991769964', 'spread: 0.50274386265', 'spread: 0.444699367808', 'spread: 0.404926878964', 'spread: 0.599649740199', 'spread: 0.49208007686', 'spread: 0.317119191702', 'spread: 0.488412226227', 'spread: 0.469796273619', 'spread: 0.58340467158', 'spread: 0.436100814257', 'spread: 0.462255039725', 'spread: 0.520136072258', 'spread: 0.33991046847', 'spread: 0.591455703791', 'spread: 0.450571008417', 'spread: 0.488465078583', 'spread: 0.637407158916', 'spread: 0.399732959337', 'spread: 0.558575150725'
POM3B , SWAY55000, 5000, 'hv: 1063571.0161', 'hv: 1167609.3992', 'hv: 1216418.1283', 'hv: 1226530.0823', 'hv: 1255868.018', 'hv: 1090707.0753', 'hv: 1154877.4591', 'hv: 1183064.8723', 'hv: 1239755.0589', 'hv: 1191167.45', 'hv: 1252175.9062', 'hv: 1225084.5624', 'hv: 1249550.0762', 'hv: 1151696.5082', 'hv: 1260811.0109', 'hv: 1101940.6279', 'hv: 1249049.6514', 'hv: 1014309.0229', 'hv: 1248242.7284', 'hv: 1252024.3589', 'spread: 0.455259670211', 'spread: 0.484211578361', 'spread: 0.453860591719', 'spread: 0.415380393396', 'spread: 0.389707730825', 'spread: 0.399048910764', 'spread: 0.572127680765', 'spread: 0.377990970656', 'spread: 0.429675970794', 'spread: 0.386784436885', 'spread: 0.406003452807', 'spread: 0.433643575872', 'spread: 0.543905306583', 'spread: 0.540940748278', 'spread: 0.457671167253', 'spread: 0.505657996809', 'spread: 0.41045835819', 'spread: 0.50363736463', 'spread: 0.378183693765', 'spread: 0.44106677737'
POM3B , SWAY52500, 2500, 'hv: 1201672.454', 'hv: 1184085.5614', 'hv: 1195655.8935', 'hv: 1237711.3117', 'hv: 1129323.853', 'hv: 1255183.5753', 'hv: 1119366.9728', 'hv: 1225436.8419', 'hv: 1250580.5154', 'hv: 1138614.506', 'hv: 1176312.8804', 'hv: 1209431.3023', 'hv: 1019216.1757', 'hv: 1211835.4784', 'hv: 977061.1371', 'hv: 1077683.4339', 'hv: 1206122.5602', 'hv: 1228794.6489', 'hv: 1133840.8691', 'hv: 1155988.0652', 'spread: 0.385126877195', 'spread: 0.391120190678', 'spread: 0.475189841395', 'spread: 0.413512359359', 'spread: 0.398404449547', 'spread: 0.513125297665', 'spread: 0.46989850438', 'spread: 0.528780551497', 'spread: 0.452352986006', 'spread: 0.5974475741', 'spread: 0.454659298197', 'spread: 0.507730141104', 'spread: 0.420312050765', 'spread: 0.503138884916', 'spread: 0.515920323786', 'spread: 0.488317625334', 'spread: 0.40698078626', 'spread: 0.563142025818', 'spread: 0.574147825746', 'spread: 0.497626223531'
POM3B , SWAY510000, 10000, 'hv: 1235833.5593', 'hv: 1235232.4133', 'hv: 1283556.2223', 'hv: 1035224.1096', 'hv: 1272056.6009', 'hv: 1188947.245', 'hv: 1218396.227', 'hv: 1266011.3533', 'hv: 1111570.422', 'hv: 1211810.406', 'hv: 1197446.991', 'hv: 1189398.8603', 'hv: 1265912.1042', 'hv: 1027702.9671', 'hv: 1153898.5819', 'hv: 1244462.1406', 'hv: 1133455.0278', 'hv: 1166827.7655', 'hv: 1131643.8635', 'hv: 1083770.2285', 'spread: 0.419953602037', 'spread: 0.471423789198', 'spread: 0.397741189758', 'spread: 0.425934512524', 'spread: 0.487444101495', 'spread: 0.396881261486', 'spread: 0.368119888198', 'spread: 0.443006628553', 'spread: 0.465500969865', 'spread: 0.48553870795', 'spread: 0.391761419094', 'spread: 0.416482491704', 'spread: 0.429490105635', 'spread: 0.578558865103', 'spread: 0.391864888565', 'spread: 0.466001356128', 'spread: 0.400540145685', 'spread: 0.477151422984', 'spread: 0.456373734863', 'spread: 0.453721034246'
POM3B , NSGAII100, 100, 'hv: 1319276.073', 'hv: 1310347.1651', 'hv: 1327712.0753', 'hv: 1314079.9204', 'hv: 1305697.6611', 'hv: 1302514.8331', 'hv: 1300848.5944', 'hv: 1312982.7104', 'hv: 1318026.894', 'hv: 1307639.3291', 'hv: 1310705.6318', 'hv: 1310668.9384', 'hv: 1309540.3466', 'hv: 1308623.7663', 'hv: 1306508.6893', 'hv: 1312483.3797', 'hv: 1306609.5514', 'hv: 1307821.1205', 'hv: 1305274.7876', 'hv: 1314479.6663', 'spread: 0.680442938557', 'spread: 0.62013825328', 'spread: 0.689250233197', 'spread: 0.677370993896', 'spread: 0.714088457781', 'spread: 0.531066519003', 'spread: 0.68465235772', 'spread: 0.629170666811', 'spread: 0.649145578935', 'spread: 0.700854942756', 'spread: 0.552914210366', 'spread: 0.736991546335', 'spread: 0.622121248114', 'spread: 0.749476637704', 'spread: 0.624966997762', 'spread: 0.71029460745', 'spread: 0.559207495745', 'spread: 0.637229454074', 'spread: 0.676861265268', 'spread: 0.636162111557'
POM3C , SPEA2100, 100, 'hv: 1131655.0513', 'hv: 1170419.8455', 'hv: 1120544.3112', 'hv: 1136629.3253', 'hv: 1165880.1806', 'hv: 1173149.4183', 'hv: 1143995.2137', 'hv: 1123434.3153', 'hv: 1120287.0596', 'hv: 1142681.5841', 'hv: 1147687.8232', 'hv: 1154696.3832', 'hv: 1115706.3046', 'hv: 1182375.0068', 'hv: 1134697.3738', 'hv: 1141953.5968', 'hv: 1160605.1984', 'hv: 1142711.9855', 'hv: 1171641.9317', 'hv: 1134006.2149', 'spread: 0.566012169131', 'spread: 0.703919495219', 'spread: 0.646270181994', 'spread: 0.585423111939', 'spread: 0.627101955515', 'spread: 0.674029365377', 'spread: 0.618627236231', 'spread: 0.616853246577', 'spread: 0.594461338826', 'spread: 0.60971065813', 'spread: 0.671778265745', 'spread: 0.611350477557', 'spread: 0.727677060555', 'spread: 0.68837741282', 'spread: 0.63666018024', 'spread: 0.74320875358', 'spread: 0.632322469485', 'spread: 0.667026798942', 'spread: 0.593679180538', 'spread: 0.646094486737'
POM3C , SWAY51225, 1225, 'hv: 693915.8019', 'hv: 684274.698', 'hv: 714558.9037', 'hv: 901837.7054', 'hv: 601769.8693', 'hv: 716731.8452', 'hv: 691396.6507', 'hv: 772258.3678', 'hv: 872254.6624', 'hv: 660344.3105', 'hv: 617421.8876', 'hv: 743986.9044', 'hv: 909314.1753', 'hv: 855039.2177', 'hv: 764361.0948', 'hv: 789460.9616', 'hv: 901207.7754', 'hv: 900233.9469', 'hv: 792840.1011', 'hv: 693696.5347', 'spread: 0.418342703018', 'spread: 0.471730557977', 'spread: 0.395141026558', 'spread: 0.425656603848', 'spread: 0.547365346557', 'spread: 0.49209542211', 'spread: 0.478988682229', 'spread: 0.530008988952', 'spread: 0.408254012217', 'spread: 0.415272277693', 'spread: 0.405761379157', 'spread: 0.496974014471', 'spread: 0.600481911334', 'spread: 0.476983187078', 'spread: 0.544318699335', 'spread: 0.573364544506', 'spread: 0.449129958686', 'spread: 0.45122306055', 'spread: 0.532120012751', 'spread: 0.386516255828'
POM3C , SWAY55000, 5000, 'hv: 649924.5301', 'hv: 799155.98', 'hv: 828290.2069', 'hv: 749086.1651', 'hv: 835453.8112', 'hv: 760498.2314', 'hv: 948525.5242', 'hv: 856483.6451', 'hv: 754453.3086', 'hv: 827849.3829', 'hv: 711905.0851', 'hv: 833218.9722', 'hv: 775293.8732', 'hv: 878006.0275', 'hv: 672695.0359', 'hv: 805960.6459', 'hv: 689916.0344', 'hv: 836669.1975', 'hv: 850641.5641', 'hv: 863326.8583', 'spread: 0.434494665126', 'spread: 0.447876841991', 'spread: 0.522876751272', 'spread: 0.486526752199', 'spread: 0.410426447826', 'spread: 0.484633454268', 'spread: 0.471228225015', 'spread: 0.515234390909', 'spread: 0.452473997867', 'spread: 0.45366811899', 'spread: 0.389878839918', 'spread: 0.421735114215', 'spread: 0.455936169948', 'spread: 0.503544139778', 'spread: 0.51530676356', 'spread: 0.406477157475', 'spread: 0.390287921309', 'spread: 0.478949871398', 'spread: 0.427595671918', 'spread: 0.564911785643'
POM3C , SWAY52500, 2500, 'hv: 853837.5083', 'hv: 771645.3326', 'hv: 835612.1405', 'hv: 811048.8731', 'hv: 780419.5216', 'hv: 801573.404', 'hv: 776944.8547', 'hv: 790567.2872', 'hv: 715183.1902', 'hv: 753120.4974', 'hv: 829275.6679', 'hv: 756518.3102', 'hv: 848937.37', 'hv: 772370.0851', 'hv: 618820.8728', 'hv: 845467.1776', 'hv: 782962.2744', 'hv: 852042.2401', 'hv: 764309.6468', 'hv: 765582.3979', 'spread: 0.403774870724', 'spread: 0.549664077598', 'spread: 0.52171247127', 'spread: 0.507980670614', 'spread: 0.538956440385', 'spread: 0.498701572218', 'spread: 0.520897668773', 'spread: 0.431612742395', 'spread: 0.479815202304', 'spread: 0.443482521125', 'spread: 0.484943110246', 'spread: 0.462329049399', 'spread: 0.560644365394', 'spread: 0.412010525093', 'spread: 0.44548789643', 'spread: 0.499949902987', 'spread: 0.427534090509', 'spread: 0.494269026902', 'spread: 0.583268994339', 'spread: 0.444836736318'
POM3C , SWAY510000, 10000, 'hv: 951850.1578', 'hv: 902635.9368', 'hv: 771979.7101', 'hv: 892994.4113', 'hv: 864095.2411', 'hv: 795392.8087', 'hv: 848364.8986', 'hv: 749563.2324', 'hv: 736777.525', 'hv: 664489.606', 'hv: 754232.6253', 'hv: 895021.3927', 'hv: 861866.9029', 'hv: 793938.3885', 'hv: 902314.23', 'hv: 875795.7993', 'hv: 950089.814', 'hv: 863856.8794', 'hv: 808197.1335', 'hv: 948217.9499', 'spread: 0.449948891501', 'spread: 0.406232375033', 'spread: 0.577683533426', 'spread: 0.514804827341', 'spread: 0.445863858097', 'spread: 0.419780939106', 'spread: 0.454871024737', 'spread: 0.499113307752', 'spread: 0.425392573009', 'spread: 0.495208875334', 'spread: 0.528671884613', 'spread: 0.416043343907', 'spread: 0.591403758034', 'spread: 0.418531716348', 'spread: 0.410212858041', 'spread: 0.431371134003', 'spread: 0.428179052209', 'spread: 0.426245350459', 'spread: 0.565193747257', 'spread: 0.473198170102'
POM3C , NSGAII100, 100, 'hv: 1164571.5413', 'hv: 1140555.8303', 'hv: 1169184.5874', 'hv: 1134524.4896', 'hv: 1147388.7608', 'hv: 1212148.3123', 'hv: 1159477.8911', 'hv: 1111097.3176', 'hv: 1168057.5305', 'hv: 1164391.9328', 'hv: 1190651.2051', 'hv: 1150236.7145', 'hv: 1126990.3068', 'hv: 1155117.5557', 'hv: 1146151.3887', 'hv: 1150143.9962', 'hv: 1166479.5889', 'hv: 1122389.486', 'hv: 1152170.4301', 'hv: 1095035.4543', 'spread: 0.516743033291', 'spread: 0.52488070978', 'spread: 0.613583897047', 'spread: 0.649721814936', 'spread: 0.64864842512', 'spread: 0.594261146684', 'spread: 0.672439508882', 'spread: 0.73658651188', 'spread: 0.586072637663', 'spread: 0.628427450777', 'spread: 0.540512894221', 'spread: 0.553565666917', 'spread: 0.53306185509', 'spread: 0.549035895709', 'spread: 0.64293020874', 'spread: 0.457738092417', 'spread: 0.548782575624', 'spread: 0.656209088846', 'spread: 0.44553451393', 'spread: 0.585159154921'
POM3D , SPEA2100, 100, 'hv: 1315027.909', 'hv: 1302636.6808', 'hv: 1303917.4032', 'hv: 1292331.7554', 'hv: 1303753.498', 'hv: 1306963.4485', 'hv: 1322139.0696', 'hv: 1321449.3782', 'hv: 1286936.8097', 'hv: 1297962.9954', 'hv: 1287205.5095', 'hv: 1309894.3428', 'hv: 1285468.598', 'hv: 1293415.2028', 'hv: 1323364.4229', 'hv: 1285529.3763', 'hv: 1311962.0425', 'hv: 1319742.3971', 'hv: 1289758.4186', 'hv: 1307999.1752', 'spread: 0.821586182237', 'spread: 0.66818957879', 'spread: 0.77346127307', 'spread: 0.744922927818', 'spread: 0.769115792416', 'spread: 0.791908624644', 'spread: 0.825094170931', 'spread: 0.866679876869', 'spread: 0.821753528028', 'spread: 0.818853481152', 'spread: 0.750030197897', 'spread: 0.824617024354', 'spread: 0.836970619303', 'spread: 0.727996394085', 'spread: 0.762868540828', 'spread: 0.755533042452', 'spread: 0.85210063831', 'spread: 0.849273278989', 'spread: 0.754458445834', 'spread: 0.919944622066'
POM3D , SWAY51225, 1225, 'hv: 1201494.015', 'hv: 1170415.0477', 'hv: 1203536.7594', 'hv: 1192598.9824', 'hv: 1159552.8736', 'hv: 1078059.3721', 'hv: 1183003.5642', 'hv: 1136433.44', 'hv: 1181495.4719', 'hv: 1201302.9896', 'hv: 1197322.822', 'hv: 1226353.6015', 'hv: 1234720.6858', 'hv: 1234634.2169', 'hv: 1189177.4143', 'hv: 1201734.7917', 'hv: 1214544.9505', 'hv: 1172989.8013', 'hv: 1168993.6351', 'hv: 1217679.0927', 'spread: 0.522157618052', 'spread: 0.55792341829', 'spread: 0.548255382153', 'spread: 0.551345429624', 'spread: 0.562833468221', 'spread: 0.57484558437', 'spread: 0.651355825417', 'spread: 0.592156550943', 'spread: 0.581634666001', 'spread: 0.56398052241', 'spread: 0.726008290521', 'spread: 0.587981570875', 'spread: 0.553205194489', 'spread: 0.640328753992', 'spread: 0.527989364485', 'spread: 0.591461055439', 'spread: 0.595757111382', 'spread: 0.585645913451', 'spread: 0.56775456218', 'spread: 0.71321181294'
POM3D , SWAY55000, 5000, 'hv: 1187476.8336', 'hv: 1248381.8979', 'hv: 1204633.5853', 'hv: 1224316.5442', 'hv: 1121912.8139', 'hv: 1235348.4995', 'hv: 1237776.1854', 'hv: 1235113.1145', 'hv: 1223621.767', 'hv: 1193382.8832', 'hv: 1191594.5692', 'hv: 1218582.3655', 'hv: 1128390.4414', 'hv: 1222019.5378', 'hv: 1127763.883', 'hv: 1316004.181', 'hv: 1214118.3153', 'hv: 1219331.6033', 'hv: 1199334.8205', 'hv: 1192751.3708', 'spread: 0.463077286277', 'spread: 0.569106670893', 'spread: 0.571215979873', 'spread: 0.548519921825', 'spread: 0.547444494606', 'spread: 0.566038527388', 'spread: 0.5947128914', 'spread: 0.508536745288', 'spread: 0.537828449878', 'spread: 0.516858590883', 'spread: 0.473599254887', 'spread: 0.625182998235', 'spread: 0.478184879259', 'spread: 0.528569990279', 'spread: 0.624179325059', 'spread: 0.582843660238', 'spread: 0.534248714179', 'spread: 0.496262476338', 'spread: 0.57421318861', 'spread: 0.574790969455'
POM3D , SWAY52500, 2500, 'hv: 1234972.0111', 'hv: 1206671.8045', 'hv: 1243279.0971', 'hv: 1208356.1181', 'hv: 1283402.0767', 'hv: 1242424.7605', 'hv: 1237700.0244', 'hv: 1160927.2747', 'hv: 1227962.9396', 'hv: 1196112.5537', 'hv: 1244410.4034', 'hv: 1225040.864', 'hv: 1219614.1865', 'hv: 1221919.2012', 'hv: 1173285.2757', 'hv: 1235203.053', 'hv: 1244951.0118', 'hv: 1235429.3692', 'hv: 1214532.6553', 'hv: 1236571.9948', 'spread: 0.546682848285', 'spread: 0.657775574849', 'spread: 0.508858475711', 'spread: 0.510646727511', 'spread: 0.597989391067', 'spread: 0.520253429873', 'spread: 0.513990618859', 'spread: 0.449549474874', 'spread: 0.537145180875', 'spread: 0.578925805248', 'spread: 0.547651517216', 'spread: 0.524844817183', 'spread: 0.602587395316', 'spread: 0.51882636796', 'spread: 0.412344917131', 'spread: 0.671392233621', 'spread: 0.616314228139', 'spread: 0.536722743679', 'spread: 0.537847106625', 'spread: 0.571331974557'
POM3D , SWAY510000, 10000, 'hv: 1230267.1101', 'hv: 1243035.5605', 'hv: 1242023.3076', 'hv: 1243871.5611', 'hv: 1206924.8381', 'hv: 1159129.7605', 'hv: 1225069.127', 'hv: 1228830.8105', 'hv: 1245205.3682', 'hv: 1230450.002', 'hv: 1138859.291', 'hv: 1241263.7814', 'hv: 1243100.6162', 'hv: 1194970.445', 'hv: 1231696.0789', 'hv: 1223707.4797', 'hv: 1214812.7126', 'hv: 1189044.7169', 'hv: 1299709.5456', 'hv: 1228698.6237', 'spread: 0.50903005087', 'spread: 0.534639094964', 'spread: 0.535931407231', 'spread: 0.529039450959', 'spread: 0.552017672655', 'spread: 0.528082159759', 'spread: 0.487610070028', 'spread: 0.494489884458', 'spread: 0.535344963614', 'spread: 0.54190813189', 'spread: 0.554322549915', 'spread: 0.528738091409', 'spread: 0.419144458352', 'spread: 0.446789724484', 'spread: 0.537230681362', 'spread: 0.435395037192', 'spread: 0.464743165617', 'spread: 0.555879548846', 'spread: 0.450108800942', 'spread: 0.533614933573'
POM3D , NSGAII100, 100, 'hv: 1314175.0002', 'hv: 1297152.6719', 'hv: 1325216.4003', 'hv: 1306928.9782', 'hv: 1326768.1923', 'hv: 1301120.0075', 'hv: 1296777.4614', 'hv: 1309748.1971', 'hv: 1292373.4087', 'hv: 1319159.3556', 'hv: 1325211.4821', 'hv: 1313209.2868', 'hv: 1308433.4555', 'hv: 1288155.5668', 'hv: 1305750.1815', 'hv: 1312815.2026', 'hv: 1290545.6538', 'hv: 1308671.8025', 'hv: 1289688.4269', 'hv: 1309740.1119', 'spread: 1.00458273329', 'spread: 0.729733504992', 'spread: 0.783020939911', 'spread: 0.754404857743', 'spread: 0.888393329881', 'spread: 0.698971311176', 'spread: 0.756674941517', 'spread: 0.731927722165', 'spread: 0.873885019622', 'spread: 0.957896751974', 'spread: 0.790854537872', 'spread: 0.773301719319', 'spread: 0.864129813474', 'spread: 0.785154774472', 'spread: 0.797634805685', 'spread: 0.737267378345', 'spread: 0.668932621844', 'spread: 0.798942744456', 'spread: 0.777977440989', 'spread: 0.80151760454'
xomo_flight , SPEA2100, 100, 'hv: 145992537.544', 'hv: 143874319.831', 'hv: 142071167.736', 'hv: 144737851.09', 'hv: 143578615.778', 'hv: 143275873.332', 'hv: 144317661.733', 'hv: 143185446.613', 'hv: 143073509.512', 'hv: 142585549.782', 'hv: 142719856.967', 'hv: 144970121.973', 'hv: 143727837.167', 'hv: 142644089.09', 'hv: 143806504.7', 'hv: 143015108.741', 'hv: 144117439.578', 'hv: 142883817.321', 'hv: 144397362.121', 'hv: 143178746.666', 'spread: 0.603967215683', 'spread: 0.681038238067', 'spread: 0.683976645588', 'spread: 0.67498654912', 'spread: 0.793407300721', 'spread: 0.706677642661', 'spread: 0.688944034648', 'spread: 0.652958197862', 'spread: 0.662788191838', 'spread: 0.677428619219', 'spread: 0.703158167391', 'spread: 0.681513259431', 'spread: 0.71257987503', 'spread: 0.681576883003', 'spread: 0.662080552259', 'spread: 0.757747477413', 'spread: 0.647687381398', 'spread: 0.682644901905', 'spread: 0.710213675709', 'spread: 0.740242547446'
xomo_flight , SWAY51225, 1225, 'hv: 130937664.01', 'hv: 127860751.499', 'hv: 135188326.276', 'hv: 133436081.09', 'hv: 124594013.992', 'hv: 124252558.318', 'hv: 133143786.782', 'hv: 127763272.643', 'hv: 122155552.146', 'hv: 135094129.905', 'hv: 131274403.542', 'hv: 124081035.398', 'hv: 128357461.976', 'hv: 138740688.422', 'hv: 121006089.515', 'hv: 128995038.757', 'hv: 115948110.701', 'hv: 118115228.428', 'hv: 125669292.42', 'hv: 137945626.269', 'spread: 0.653135154094', 'spread: 0.400306530912', 'spread: 0.460486617833', 'spread: 0.582911203212', 'spread: 0.659542942063', 'spread: 0.47222121942', 'spread: 0.47304579499', 'spread: 0.522572538233', 'spread: 0.525373855408', 'spread: 0.525342600397', 'spread: 0.526518710849', 'spread: 0.508735798356', 'spread: 0.666467287999', 'spread: 0.495567728595', 'spread: 0.569242078364', 'spread: 0.541942161174', 'spread: 0.462116225986', 'spread: 0.533874102005', 'spread: 0.426772447628', 'spread: 0.576567833141'
xomo_flight , SWAY55000, 5000, 'hv: 125038735.214', 'hv: 141697540.547', 'hv: 132091894.818', 'hv: 130680973.129', 'hv: 131311925.41', 'hv: 123712034.111', 'hv: 126079035.522', 'hv: 139047189.543', 'hv: 130220837.223', 'hv: 132642265.751', 'hv: 123779600.142', 'hv: 131327433.832', 'hv: 135334475.539', 'hv: 125900756.606', 'hv: 122218427.702', 'hv: 136448409.717', 'hv: 133041821.079', 'hv: 128876380.877', 'hv: 133843286.719', 'hv: 134250349.397', 'spread: 0.56206968019', 'spread: 0.447283782013', 'spread: 0.365999263309', 'spread: 0.542426506683', 'spread: 0.409116899378', 'spread: 0.659543964259', 'spread: 0.611070351231', 'spread: 0.54040741483', 'spread: 0.31995842957', 'spread: 0.485122680494', 'spread: 0.459300537351', 'spread: 0.578611182178', 'spread: 0.50393988597', 'spread: 0.48798242379', 'spread: 0.469084260812', 'spread: 0.473351994096', 'spread: 0.45940403355', 'spread: 0.468150199346', 'spread: 0.466453963017', 'spread: 0.479693764897'
xomo_flight , SWAY52500, 2500, 'hv: 129299853.451', 'hv: 116245810.099', 'hv: 130995357.943', 'hv: 132444009.715', 'hv: 134620288.761', 'hv: 135587992.701', 'hv: 134619068.278', 'hv: 130383989.535', 'hv: 128157862.828', 'hv: 139739059.521', 'hv: 138019102.82', 'hv: 126475775.935', 'hv: 127488338.386', 'hv: 134622944.052', 'hv: 132328603.852', 'hv: 134130023.738', 'hv: 128273306.623', 'hv: 121821390.379', 'hv: 128240488.691', 'hv: 128037791.424', 'spread: 0.437001887851', 'spread: 0.555035957556', 'spread: 0.558925337945', 'spread: 0.530833134342', 'spread: 0.491861772484', 'spread: 0.49479367839', 'spread: 0.449921694422', 'spread: 0.541668617144', 'spread: 0.451588064823', 'spread: 0.375800960466', 'spread: 0.507571157625', 'spread: 0.574985706434', 'spread: 0.489541857571', 'spread: 0.45886048257', 'spread: 0.526778609688', 'spread: 0.522344129035', 'spread: 0.507724025219', 'spread: 0.610546071209', 'spread: 0.458098900767', 'spread: 0.521475460661'
xomo_flight , SWAY510000, 10000, 'hv: 140346272.156', 'hv: 134184471.595', 'hv: 126948911.6', 'hv: 132128370.844', 'hv: 132473451.676', 'hv: 142696153.408', 'hv: 132780622.887', 'hv: 141676794.446', 'hv: 128130233.975', 'hv: 122805241.142', 'hv: 137205271.28', 'hv: 137567482.098', 'hv: 135553654.554', 'hv: 130093348.36', 'hv: 134257158.418', 'hv: 134263498.616', 'hv: 134752693.861', 'hv: 133096533.855', 'hv: 135423578.305', 'hv: 138598873.127', 'spread: 0.403030560887', 'spread: 0.478661946635', 'spread: 0.450631609426', 'spread: 0.44020941637', 'spread: 0.477765907829', 'spread: 0.443404792328', 'spread: 0.524212715425', 'spread: 0.443713811446', 'spread: 0.488205129159', 'spread: 0.559566557144', 'spread: 0.508781977917', 'spread: 0.435877371425', 'spread: 0.429795976883', 'spread: 0.467334316777', 'spread: 0.49703540314', 'spread: 0.402434250334', 'spread: 0.446746208885', 'spread: 0.477556002599', 'spread: 0.418946186765', 'spread: 0.448272595976'
xomo_flight , NSGAII100, 100, 'hv: 144360271.299', 'hv: 144969179.866', 'hv: 141329603.867', 'hv: 144773589.141', 'hv: 143081326.281', 'hv: 143711287.066', 'hv: 142126593.242', 'hv: 145903877.326', 'hv: 143399119.711', 'hv: 141788817.869', 'hv: 143874913.553', 'hv: 143213458.941', 'hv: 144986403.131', 'hv: 143407853.875', 'hv: 141472293.608', 'hv: 144235549.469', 'hv: 143018626.396', 'hv: 142302182.385', 'hv: 144051748.43', 'hv: 145161215.295', 'spread: 0.770667804904', 'spread: 0.676765144257', 'spread: 0.723779162115', 'spread: 0.750885368107', 'spread: 0.759610928072', 'spread: 0.724569305528', 'spread: 0.729900967853', 'spread: 0.800581364717', 'spread: 0.800350949237', 'spread: 0.790548474109', 'spread: 0.764614743571', 'spread: 0.714229645881', 'spread: 0.65226046546', 'spread: 0.689018214421', 'spread: 0.580816270581', 'spread: 0.675265653094', 'spread: 0.757798476039', 'spread: 0.794745390555', 'spread: 0.652317298282', 'spread: 0.811535802651'
xomo_all , SPEA2100, 100, 'hv: 144432066.303', 'hv: 143039878.151', 'hv: 143020631.465', 'hv: 145678695.971', 'hv: 142563314.149', 'hv: 143465470.444', 'hv: 143657617.086', 'hv: 141641284.009', 'hv: 143642540.746', 'hv: 144195344.645', 'hv: 143731595.728', 'hv: 143142589.253', 'hv: 143790110.417', 'hv: 145294636.298', 'hv: 144798877.057', 'hv: 142673465.933', 'hv: 143938164.563', 'hv: 144551110.237', 'hv: 142710075.336', 'hv: 143016048.109', 'spread: 0.740595420919', 'spread: 0.695385942787', 'spread: 0.626224451282', 'spread: 0.684220910364', 'spread: 0.736852012301', 'spread: 0.752003854067', 'spread: 0.683257562011', 'spread: 0.624902570906', 'spread: 0.744497476356', 'spread: 0.738786194575', 'spread: 0.687202472555', 'spread: 0.706635371448', 'spread: 0.715730652398', 'spread: 0.716797992803', 'spread: 0.760052468756', 'spread: 0.631866588882', 'spread: 0.774990835591', 'spread: 0.650249813627', 'spread: 0.7419989637', 'spread: 0.752204354715'
xomo_all , SWAY51225, 1225, 'hv: 134247016.774', 'hv: 124559100.621', 'hv: 123393195.482', 'hv: 124115258.954', 'hv: 127237094.616', 'hv: 134236047.099', 'hv: 134073186.549', 'hv: 126816510.588', 'hv: 130610310.157', 'hv: 120851068.237', 'hv: 127671096.053', 'hv: 118209341.514', 'hv: 122567707.454', 'hv: 140894702.117', 'hv: 130701781.318', 'hv: 121174703.031', 'hv: 123437527.975', 'hv: 139101273.556', 'hv: 128641032.654', 'hv: 125621852.419', 'spread: 0.562105809649', 'spread: 0.560459441828', 'spread: 0.751595174123', 'spread: 0.531931821624', 'spread: 0.507077330388', 'spread: 0.468751560054', 'spread: 0.518981923723', 'spread: 0.471019684715', 'spread: 0.516173967581', 'spread: 0.398747285329', 'spread: 0.568245242856', 'spread: 0.417373176409', 'spread: 0.467692308181', 'spread: 0.473875194149', 'spread: 0.563531146787', 'spread: 0.398734378088', 'spread: 0.535074060589', 'spread: 0.543016640904', 'spread: 0.590567632773', 'spread: 0.479666819018'
xomo_all , SWAY55000, 5000, 'hv: 128956478.27', 'hv: 128726122.101', 'hv: 135547142.267', 'hv: 132614428.518', 'hv: 134570592.521', 'hv: 123156727.743', 'hv: 135071435.445', 'hv: 131522855.467', 'hv: 133027627.575', 'hv: 135540285.093', 'hv: 126968266.528', 'hv: 127737727.433', 'hv: 131811500.043', 'hv: 134680413.703', 'hv: 132875219.041', 'hv: 129848031.133', 'hv: 136201861.77', 'hv: 133147275.315', 'hv: 130232866.862', 'hv: 132960426.696', 'spread: 0.524620854823', 'spread: 0.461659245298', 'spread: 0.472773930719', 'spread: 0.406031224548', 'spread: 0.552804572636', 'spread: 0.438845165416', 'spread: 0.472312920381', 'spread: 0.485120575598', 'spread: 0.551301192814', 'spread: 0.454768577733', 'spread: 0.479747809536', 'spread: 0.489225631965', 'spread: 0.555696747872', 'spread: 0.400068449588', 'spread: 0.462311459461', 'spread: 0.473408846587', 'spread: 0.582735011513', 'spread: 0.469997026816', 'spread: 0.458613163114', 'spread: 0.465617608267'
xomo_all , SWAY52500, 2500, 'hv: 121231782.697', 'hv: 132823569.934', 'hv: 129588012.396', 'hv: 133427603.501', 'hv: 134361812.224', 'hv: 133169022.944', 'hv: 125402616.738', 'hv: 137786312.372', 'hv: 126032964.824', 'hv: 130736718.863', 'hv: 127137979.659', 'hv: 132438385.13', 'hv: 127851903.134', 'hv: 124330452.724', 'hv: 131845859.707', 'hv: 124768256.952', 'hv: 133657928.855', 'hv: 128462555.354', 'hv: 130903875.573', 'hv: 141026435.859', 'spread: 0.497712826483', 'spread: 0.522965510402', 'spread: 0.583538326147', 'spread: 0.460010591833', 'spread: 0.485971294987', 'spread: 0.548918351741', 'spread: 0.486178392486', 'spread: 0.52148631483', 'spread: 0.458344053777', 'spread: 0.360709969123', 'spread: 0.490057124974', 'spread: 0.389355172627', 'spread: 0.513484854807', 'spread: 0.542025081676', 'spread: 0.471207130929', 'spread: 0.488699642535', 'spread: 0.476573323969', 'spread: 0.553614867227', 'spread: 0.584655645187', 'spread: 0.497269112548'
xomo_all , SWAY510000, 10000, 'hv: 129639244.493', 'hv: 122183395.25', 'hv: 131595202.942', 'hv: 136724283.655', 'hv: 133605381.906', 'hv: 139163271.605', 'hv: 134807649.703', 'hv: 136842598.62', 'hv: 132964805.161', 'hv: 136382757.309', 'hv: 139633519.746', 'hv: 133650239.776', 'hv: 134940754.919', 'hv: 138802758.221', 'hv: 134215213.922', 'hv: 130742182.837', 'hv: 128241650.888', 'hv: 134380785.128', 'hv: 136274914.145', 'hv: 137303087.787', 'spread: 0.459592197659', 'spread: 0.487586047514', 'spread: 0.617649056946', 'spread: 0.479097696512', 'spread: 0.442242320859', 'spread: 0.487119643718', 'spread: 0.414220840408', 'spread: 0.45639065833', 'spread: 0.489021787923', 'spread: 0.399460648127', 'spread: 0.402270697191', 'spread: 0.491319334077', 'spread: 0.495114768403', 'spread: 0.500878345998', 'spread: 0.521460517995', 'spread: 0.561485844307', 'spread: 0.524145481198', 'spread: 0.46026644611', 'spread: 0.461171141785', 'spread: 0.453456330111'
xomo_all , NSGAII100, 100, 'hv: 142727219.945', 'hv: 141804251.963', 'hv: 142938166.733', 'hv: 141134389.84', 'hv: 141482297.42', 'hv: 143287307.167', 'hv: 144289483.836', 'hv: 142520426.317', 'hv: 142788322.404', 'hv: 143931719.585', 'hv: 143158885.922', 'hv: 143306341.048', 'hv: 143724777.843', 'hv: 142980474.804', 'hv: 142162530.907', 'hv: 141874275.497', 'hv: 144190041.731', 'hv: 143977571.579', 'hv: 142811926.703', 'hv: 142412158.624', 'spread: 0.743408171375', 'spread: 0.692239415645', 'spread: 0.76272093105', 'spread: 0.766504284122', 'spread: 0.655239195159', 'spread: 0.620770208681', 'spread: 0.648720677355', 'spread: 0.74268995578', 'spread: 0.718447959843', 'spread: 0.752896046736', 'spread: 0.643561727553', 'spread: 0.685177342639', 'spread: 0.756137708833', 'spread: 0.802667337669', 'spread: 0.846614599305', 'spread: 0.66142918982', 'spread: 0.684738607641', 'spread: 0.723916131418', 'spread: 0.80226660231', 'spread: 0.728084031716'
xomo_ground , SPEA2100, 100, 'hv: 143337801.722', 'hv: 142756126.574', 'hv: 144391658.925', 'hv: 144733088.273', 'hv: 143501563.639', 'hv: 142955249.824', 'hv: 141822764.199', 'hv: 144721098.678', 'hv: 143058853.381', 'hv: 144593222.48', 'hv: 145029770.634', 'hv: 145502451.951', 'hv: 143845842.975', 'hv: 142770544.06', 'hv: 143283900.26', 'hv: 144603611.917', 'hv: 143628782.662', 'hv: 143051620.819', 'hv: 142509074.873', 'hv: 140913344.896', 'spread: 0.688380743603', 'spread: 0.796635523843', 'spread: 0.679674642569', 'spread: 0.710383829516', 'spread: 0.739338666758', 'spread: 0.739829615373', 'spread: 0.642201700475', 'spread: 0.695532739386', 'spread: 0.67473381935', 'spread: 0.665998546703', 'spread: 0.780626349387', 'spread: 0.71705429283', 'spread: 0.737799035128', 'spread: 0.719002206648', 'spread: 0.665483753026', 'spread: 0.706754486194', 'spread: 0.668779433476', 'spread: 0.669263222062', 'spread: 0.711269709801', 'spread: 0.757823356455'
xomo_ground , SWAY51225, 1225, 'hv: 132468347.779', 'hv: 129314888.706', 'hv: 126106374.029', 'hv: 131115427.843', 'hv: 117028423.494', 'hv: 115047561.287', 'hv: 136002614.27', 'hv: 120441420.103', 'hv: 134584459.407', 'hv: 136272954.849', 'hv: 120971886.467', 'hv: 118648114.807', 'hv: 117877621.796', 'hv: 109144412.496', 'hv: 129996623.29', 'hv: 130479946.215', 'hv: 125154870.534', 'hv: 132708696.186', 'hv: 128624873.524', 'hv: 123360290.07', 'spread: 0.536642936256', 'spread: 0.526850715006', 'spread: 0.569629281081', 'spread: 0.498484370955', 'spread: 0.557188836827', 'spread: 0.619516720786', 'spread: 0.513020696056', 'spread: 0.592241581525', 'spread: 0.382675061388', 'spread: 0.335280210799', 'spread: 0.579471820045', 'spread: 0.646291959932', 'spread: 0.51068589636', 'spread: 0.490795005988', 'spread: 0.535768465635', 'spread: 0.474200075935', 'spread: 0.475461078241', 'spread: 0.487030372744', 'spread: 0.432359053638', 'spread: 0.448449544887'
xomo_ground , SWAY55000, 5000, 'hv: 130426670.636', 'hv: 137385070.589', 'hv: 126929343.3', 'hv: 134997811.065', 'hv: 140627821.146', 'hv: 134829707.686', 'hv: 134410063.504', 'hv: 132960493.875', 'hv: 137624292.556', 'hv: 125535034.319', 'hv: 129649164.813', 'hv: 127861486.68', 'hv: 131375580.071', 'hv: 125944252.58', 'hv: 135494865.283', 'hv: 131205850.455', 'hv: 131435289.13', 'hv: 128090211.526', 'hv: 136690739.567', 'hv: 129100393.113', 'spread: 0.490901271224', 'spread: 0.447991060254', 'spread: 0.49750109814', 'spread: 0.466559424574', 'spread: 0.462854473337', 'spread: 0.480486680991', 'spread: 0.509854584691', 'spread: 0.402991484341', 'spread: 0.455460513853', 'spread: 0.457370114165', 'spread: 0.399649441059', 'spread: 0.483829222386', 'spread: 0.498625803533', 'spread: 0.405430559146', 'spread: 0.380818764645', 'spread: 0.467259390125', 'spread: 0.417926878293', 'spread: 0.420275712511', 'spread: 0.561649142396', 'spread: 0.407217477425'
xomo_ground , SWAY52500, 2500, 'hv: 134449266.154', 'hv: 125728748.654', 'hv: 114493994.72', 'hv: 128243201.78', 'hv: 134164101.596', 'hv: 118935628.006', 'hv: 132847427.72', 'hv: 126478465.202', 'hv: 128957970.931', 'hv: 133918807.871', 'hv: 125887241.71', 'hv: 135874440.23', 'hv: 129099799.518', 'hv: 137046191.752', 'hv: 123447090.648', 'hv: 127040362.635', 'hv: 126447981.239', 'hv: 133678537.323', 'hv: 128034591.825', 'hv: 133277125.85', 'spread: 0.350917171848', 'spread: 0.598657461361', 'spread: 0.67867291917', 'spread: 0.430547998246', 'spread: 0.520576646929', 'spread: 0.438782956314', 'spread: 0.488207224489', 'spread: 0.528767794989', 'spread: 0.417952558724', 'spread: 0.452334979323', 'spread: 0.439801315028', 'spread: 0.411603779331', 'spread: 0.59218922419', 'spread: 0.50831493914', 'spread: 0.521072774142', 'spread: 0.487730360967', 'spread: 0.488546228036', 'spread: 0.528459806385', 'spread: 0.473938767904', 'spread: 0.463898034346'
xomo_ground , SWAY510000, 10000, 'hv: 133113478.477', 'hv: 138711925.387', 'hv: 133695308.76', 'hv: 134395991.579', 'hv: 134984082.157', 'hv: 130382334.238', 'hv: 136915300.664', 'hv: 136560409.603', 'hv: 139072988.044', 'hv: 137415981.354', 'hv: 130966330.51', 'hv: 129826478.864', 'hv: 140055492.444', 'hv: 134664378.201', 'hv: 135072035.207', 'hv: 128921849.961', 'hv: 137179852.387', 'hv: 131392960.139', 'hv: 131327590.795', 'hv: 139016276.911', 'spread: 0.452571088411', 'spread: 0.430254694735', 'spread: 0.445303754655', 'spread: 0.41591399801', 'spread: 0.39218323846', 'spread: 0.486814869273', 'spread: 0.459211700456', 'spread: 0.406157063569', 'spread: 0.527630488503', 'spread: 0.490635322', 'spread: 0.524271863205', 'spread: 0.493622012645', 'spread: 0.433771527041', 'spread: 0.426562274216', 'spread: 0.40295211537', 'spread: 0.490460840579', 'spread: 0.461173839244', 'spread: 0.40815432336', 'spread: 0.463779934147', 'spread: 0.422744932529'
xomo_ground , NSGAII100, 100, 'hv: 142127621.21', 'hv: 145715192.107', 'hv: 141524809.517', 'hv: 143333380.437', 'hv: 143472067.989', 'hv: 143497096.09', 'hv: 143201837.179', 'hv: 142371297.115', 'hv: 142985078.472', 'hv: 143371887.831', 'hv: 143770978.936', 'hv: 144231936.191', 'hv: 142768036.651', 'hv: 143091797.798', 'hv: 144438221.397', 'hv: 144302718.537', 'hv: 144158533.124', 'hv: 143188146.267', 'hv: 144520916.47', 'hv: 143819574.25', 'spread: 0.724067257688', 'spread: 0.76581513335', 'spread: 0.667260325093', 'spread: 0.66772336687', 'spread: 0.734908090724', 'spread: 0.616051249962', 'spread: 0.717023801233', 'spread: 0.671410177609', 'spread: 0.793291074632', 'spread: 0.682589534336', 'spread: 0.6665745552', 'spread: 0.593107821179', 'spread: 0.721816806764', 'spread: 0.674477894958', 'spread: 0.702357002601', 'spread: 0.702988783652', 'spread: 0.663743645046', 'spread: 0.707635566371', 'spread: 0.809945755857', 'spread: 0.757743411237'
xomo_osp , SPEA2100, 100, 'hv: 140320405.809', 'hv: 140657394.305', 'hv: 140991040.271', 'hv: 144135820.491', 'hv: 141172237.954', 'hv: 142660493.187', 'hv: 141845772.496', 'hv: 142848180.177', 'hv: 142400798.989', 'hv: 144138774.361', 'hv: 141683490.737', 'hv: 142250560.717', 'hv: 140823784.989', 'hv: 143610321.791', 'hv: 141874998.7', 'hv: 142604487.236', 'hv: 143372229.292', 'hv: 141718225.275', 'hv: 141319166.025', 'hv: 141204593.336', 'spread: 0.679129145235', 'spread: 0.754340811373', 'spread: 0.783945730077', 'spread: 0.74514075623', 'spread: 0.769558427397', 'spread: 0.778004327955', 'spread: 0.748716547042', 'spread: 0.711243718132', 'spread: 0.655778793553', 'spread: 0.693268114602', 'spread: 0.78682012056', 'spread: 0.678086246247', 'spread: 0.647026815915', 'spread: 0.715627835649', 'spread: 0.683420108854', 'spread: 0.702137420155', 'spread: 0.774882800302', 'spread: 0.701263338249', 'spread: 0.739858592953', 'spread: 0.739580548672'
xomo_osp , SWAY51225, 1225, 'hv: 129713096.326', 'hv: 125898619.662', 'hv: 130803703.751', 'hv: 126173867.572', 'hv: 128206867.698', 'hv: 126362828.154', 'hv: 114335211.958', 'hv: 136065621.375', 'hv: 129711732.055', 'hv: 132750475.483', 'hv: 123073945.818', 'hv: 120892771.801', 'hv: 119140757.804', 'hv: 110932193.391', 'hv: 116007435.343', 'hv: 120159560.337', 'hv: 129816630.926', 'hv: 132617530.801', 'hv: 123725006.543', 'hv: 116344823.204', 'spread: 0.55209450002', 'spread: 0.475893629604', 'spread: 0.410541864783', 'spread: 0.530330829551', 'spread: 0.399666148523', 'spread: 0.533040075685', 'spread: 0.546131149985', 'spread: 0.448679719191', 'spread: 0.47561534461', 'spread: 0.540815665369', 'spread: 0.589124634842', 'spread: 0.399977968533', 'spread: 0.551308555098', 'spread: 0.410102280034', 'spread: 0.531684161384', 'spread: 0.484063380793', 'spread: 0.478674156133', 'spread: 0.438896633437', 'spread: 0.66367305276', 'spread: 0.579898815351'
xomo_osp , SWAY55000, 5000, 'hv: 117643267.969', 'hv: 128506645.16', 'hv: 134017598.932', 'hv: 125979075.96', 'hv: 128567671.986', 'hv: 128889585.35', 'hv: 133141133.528', 'hv: 136155065.787', 'hv: 133140999.549', 'hv: 121978818.369', 'hv: 128349243.292', 'hv: 136062901.759', 'hv: 130073420.384', 'hv: 129763667.801', 'hv: 130203630.973', 'hv: 129133575.378', 'hv: 122067552.299', 'hv: 126177478.912', 'hv: 122678873.552', 'hv: 126560873.22', 'spread: 0.51103557459', 'spread: 0.411240716484', 'spread: 0.41089406047', 'spread: 0.428894889694', 'spread: 0.39630739571', 'spread: 0.55660248692', 'spread: 0.480760120833', 'spread: 0.602362682812', 'spread: 0.49135665965', 'spread: 0.475990598252', 'spread: 0.51577872356', 'spread: 0.463516410426', 'spread: 0.322380869034', 'spread: 0.527467849676', 'spread: 0.445899044284', 'spread: 0.447302652749', 'spread: 0.44875181651', 'spread: 0.462693791626', 'spread: 0.48287504682', 'spread: 0.467226859108'
xomo_osp , SWAY52500, 2500, 'hv: 124509396.461', 'hv: 130214029.459', 'hv: 125559684.61', 'hv: 128754416.485', 'hv: 132845013.132', 'hv: 124814170.437', 'hv: 130352721.573', 'hv: 133984062.789', 'hv: 124439697.496', 'hv: 134344045.93', 'hv: 127948483.592', 'hv: 130657328.89', 'hv: 128020040.369', 'hv: 122057979.814', 'hv: 133309440.55', 'hv: 117665303.259', 'hv: 134063796.65', 'hv: 127197320.041', 'hv: 130342175.205', 'hv: 135948026.918', 'spread: 0.453570752155', 'spread: 0.43165293179', 'spread: 0.468218654961', 'spread: 0.516499121234', 'spread: 0.463656437221', 'spread: 0.545116285083', 'spread: 0.432162192356', 'spread: 0.33549351702', 'spread: 0.535733975951', 'spread: 0.521660591383', 'spread: 0.490900760832', 'spread: 0.589638806555', 'spread: 0.45767048136', 'spread: 0.435040969328', 'spread: 0.426789141705', 'spread: 0.51402820539', 'spread: 0.41249722648', 'spread: 0.411629537613', 'spread: 0.52923062958', 'spread: 0.504300598037'
xomo_osp , SWAY510000, 10000, 'hv: 134070113.929', 'hv: 139236380.109', 'hv: 128144150.303', 'hv: 130295380.302', 'hv: 139058900.367', 'hv: 140041450.968', 'hv: 134491634.179', 'hv: 118901882.408', 'hv: 128066183.936', 'hv: 128912802.919', 'hv: 135754274.074', 'hv: 128420640.949', 'hv: 130463245.658', 'hv: 133410703.032', 'hv: 129579707.368', 'hv: 132336148.615', 'hv: 138675165.529', 'hv: 135469309.482', 'hv: 135954831.896', 'hv: 137481111.803', 'spread: 0.431075331005', 'spread: 0.456055222549', 'spread: 0.454924623063', 'spread: 0.520105467368', 'spread: 0.446850997806', 'spread: 0.480271467347', 'spread: 0.520715226415', 'spread: 0.563557489396', 'spread: 0.436070952494', 'spread: 0.440189601241', 'spread: 0.490127154821', 'spread: 0.526434934433', 'spread: 0.464084443415', 'spread: 0.469968422622', 'spread: 0.499534029387', 'spread: 0.455753843985', 'spread: 0.377138789868', 'spread: 0.466566046921', 'spread: 0.42939054399', 'spread: 0.472711804949'
xomo_osp , NSGAII100, 100, 'hv: 141809356.077', 'hv: 142246385.686', 'hv: 140086124.888', 'hv: 141254484.7', 'hv: 142224710.562', 'hv: 142931842.172', 'hv: 142862425.131', 'hv: 141176537.942', 'hv: 144748355.454', 'hv: 142074553.465', 'hv: 140486660.345', 'hv: 142939255.587', 'hv: 143647522.879', 'hv: 139852738.374', 'hv: 141496808.483', 'hv: 145236368.527', 'hv: 141379590.766', 'hv: 142895583.899', 'hv: 144572199.195', 'hv: 141774978.483', 'spread: 0.744976576528', 'spread: 0.740338898578', 'spread: 0.782678547475', 'spread: 0.706084246549', 'spread: 0.738083603684', 'spread: 0.776161630055', 'spread: 0.678653307587', 'spread: 0.702348521465', 'spread: 0.759629598058', 'spread: 0.670558990785', 'spread: 0.664182573378', 'spread: 0.767336822015', 'spread: 0.77837946402', 'spread: 0.686290160769', 'spread: 0.750203451938', 'spread: 0.737023800225', 'spread: 0.721044384828', 'spread: 0.747911416478', 'spread: 0.639984034732', 'spread: 0.676577877675'
xomoo2 , SPEA2100, 100, 'hv: 143223937.643', 'hv: 143481550.792', 'hv: 143791002.613', 'hv: 144985911.671', 'hv: 144481260.597', 'hv: 143581374.14', 'hv: 145101899.74', 'hv: 143938342.005', 'hv: 144533047.822', 'hv: 145365253.141', 'hv: 142864505.21', 'hv: 142112839.751', 'hv: 141545106.525', 'hv: 142820555.175', 'hv: 142997213.898', 'hv: 143688587.661', 'hv: 144811005.256', 'hv: 145368359.384', 'hv: 144179663.228', 'hv: 142527444.39', 'spread: 0.693137941085', 'spread: 0.607712419417', 'spread: 0.677154412428', 'spread: 0.649491064466', 'spread: 0.734814849909', 'spread: 0.666733934084', 'spread: 0.713262289515', 'spread: 0.703628243456', 'spread: 0.656206329572', 'spread: 0.754708264381', 'spread: 0.663651081605', 'spread: 0.690785848584', 'spread: 0.705894025156', 'spread: 0.702632860548', 'spread: 0.686156138282', 'spread: 0.734958162987', 'spread: 0.725775862278', 'spread: 0.6822960318', 'spread: 0.664067780462', 'spread: 0.72237713989'
xomoo2 , SWAY51225, 1225, 'hv: 124680513.825', 'hv: 122217354.768', 'hv: 138883113.519', 'hv: 131277582.035', 'hv: 118898853.539', 'hv: 132494127.484', 'hv: 129986074.51', 'hv: 126334404.587', 'hv: 136948498.213', 'hv: 122413538.141', 'hv: 131481634.206', 'hv: 131870351.001', 'hv: 130523761.813', 'hv: 129265512.565', 'hv: 134198235.122', 'hv: 135722595.237', 'hv: 124695254.287', 'hv: 127056868.811', 'hv: 118970386.54', 'hv: 120624836.127', 'spread: 0.462663416672', 'spread: 0.445919285319', 'spread: 0.45457538581', 'spread: 0.459071529697', 'spread: 0.537607501476', 'spread: 0.492830953209', 'spread: 0.432207444658', 'spread: 0.55800524345', 'spread: 0.466541012001', 'spread: 0.490599506461', 'spread: 0.429810035738', 'spread: 0.517559325185', 'spread: 0.527707656813', 'spread: 0.422145907001', 'spread: 0.556333035719', 'spread: 0.516138205746', 'spread: 0.560567173707', 'spread: 0.556460717476', 'spread: 0.501201434519', 'spread: 0.679954369022'
xomoo2 , SWAY55000, 5000, 'hv: 120601279.694', 'hv: 131379938.64', 'hv: 142860959.554', 'hv: 132713716.608', 'hv: 140524024.484', 'hv: 129031030.807', 'hv: 136300955.223', 'hv: 129642250.72', 'hv: 134996652.677', 'hv: 132124342.108', 'hv: 123250222.891', 'hv: 122752630.693', 'hv: 138282517.942', 'hv: 117592367.248', 'hv: 137035382.917', 'hv: 127775700.799', 'hv: 126904239.503', 'hv: 117953486.219', 'hv: 130018730.157', 'hv: 133885434.567', 'spread: 0.439459714491', 'spread: 0.462661906095', 'spread: 0.485378155792', 'spread: 0.494268125768', 'spread: 0.372281196779', 'spread: 0.567728379709', 'spread: 0.443336640934', 'spread: 0.507047583348', 'spread: 0.471821109997', 'spread: 0.538744385421', 'spread: 0.433940302259', 'spread: 0.487134291848', 'spread: 0.492333051847', 'spread: 0.577125824027', 'spread: 0.420896035177', 'spread: 0.424947967242', 'spread: 0.466191059053', 'spread: 0.470187921651', 'spread: 0.509788241149', 'spread: 0.592684397425'
xomoo2 , SWAY52500, 2500, 'hv: 127253339.778', 'hv: 126671506.813', 'hv: 131341020.522', 'hv: 121905572.856', 'hv: 132939251.444', 'hv: 134864067.405', 'hv: 132193963.987', 'hv: 125597566.19', 'hv: 130641803.001', 'hv: 124788976.95', 'hv: 118685345.699', 'hv: 138691026.191', 'hv: 134252625.61', 'hv: 131465444.725', 'hv: 124170110.8', 'hv: 118126712.861', 'hv: 131747318.239', 'hv: 119658028.808', 'hv: 130493814.229', 'hv: 140309683.209', 'spread: 0.548192091012', 'spread: 0.491651343023', 'spread: 0.470923309876', 'spread: 0.441141637011', 'spread: 0.453532151902', 'spread: 0.464013917762', 'spread: 0.358889875726', 'spread: 0.586197491834', 'spread: 0.376014710087', 'spread: 0.422996870073', 'spread: 0.427513004469', 'spread: 0.399423684607', 'spread: 0.450378691534', 'spread: 0.648834014915', 'spread: 0.534312934553', 'spread: 0.490781304393', 'spread: 0.483708011936', 'spread: 0.411630069736', 'spread: 0.503942923684', 'spread: 0.454670349705'
xomoo2 , SWAY510000, 10000, 'hv: 130532764.359', 'hv: 132319380.287', 'hv: 133078312.533', 'hv: 131505596.01', 'hv: 131619209.252', 'hv: 129154993.684', 'hv: 130025967.268', 'hv: 133787624.026', 'hv: 141684526.722', 'hv: 131517079.1', 'hv: 132378171.787', 'hv: 140952720.38', 'hv: 131580918.089', 'hv: 131153093.159', 'hv: 128553914.731', 'hv: 138590553.683', 'hv: 133998541.989', 'hv: 140147271.052', 'hv: 132942270.861', 'hv: 132127138.42', 'spread: 0.451916632339', 'spread: 0.469956845531', 'spread: 0.437469979684', 'spread: 0.481677645204', 'spread: 0.433413767163', 'spread: 0.513829181238', 'spread: 0.424272255853', 'spread: 0.494990217145', 'spread: 0.478604650178', 'spread: 0.426507377262', 'spread: 0.390433506028', 'spread: 0.586932827726', 'spread: 0.453213219183', 'spread: 0.450429299236', 'spread: 0.468953726437', 'spread: 0.505248313975', 'spread: 0.542287152904', 'spread: 0.451173665243', 'spread: 0.41193632228', 'spread: 0.452186066117'
xomoo2 , NSGAII100, 100, 'hv: 144280753.96', 'hv: 143129407.951', 'hv: 143020394.253', 'hv: 143814337.297', 'hv: 143376701.271', 'hv: 142411993.021', 'hv: 141795967.37', 'hv: 142591331.433', 'hv: 143276070.415', 'hv: 142655356.049', 'hv: 142289066.412', 'hv: 144934133.969', 'hv: 144083194.735', 'hv: 143888734.495', 'hv: 144373491.632', 'hv: 142721996.486', 'hv: 143176150.121', 'hv: 144690135.926', 'hv: 143867496.409', 'hv: 143794730.465', 'spread: 0.674945161474', 'spread: 0.644463024568', 'spread: 0.714360430092', 'spread: 0.741838993963', 'spread: 0.800431402185', 'spread: 0.643882243563', 'spread: 0.699682983416', 'spread: 0.899025546735', 'spread: 0.671049343304', 'spread: 0.654061158352', 'spread: 0.762679954065', 'spread: 0.697665685164', 'spread: 0.751426775563', 'spread: 0.704958379432', 'spread: 0.762603266053', 'spread: 0.746731145423', 'spread: 0.644735885987', 'spread: 0.744177731401', 'spread: 0.715577347693', 'spread: 0.808423664997'
MONRP_50_4_5_0_90 , SPEA2100, 100, 'hv: 678685.2758', 'hv: 662766.3177', 'hv: 655585.6211', 'hv: 670346.4473', 'hv: 663578.0777', 'hv: 660676.0844', 'hv: 655518.9449', 'hv: 671789.4646', 'hv: 650036.252', 'hv: 684398.6955', 'hv: 667052.7954', 'hv: 655144.8453', 'hv: 664782.5472', 'hv: 657099.8273', 'hv: 661528.7391', 'hv: 647840.0005', 'hv: 680826.8', 'hv: 680666.5106', 'hv: 659082.1568', 'hv: 664739.7835', 'spread: 0.582095707424', 'spread: 0.5115207377', 'spread: 0.54535741688', 'spread: 0.593018870663', 'spread: 0.530620715785', 'spread: 0.56375067082', 'spread: 0.530784055638', 'spread: 0.560092565504', 'spread: 0.557352208103', 'spread: 0.591131850795', 'spread: 0.572513464815', 'spread: 0.514459782343', 'spread: 0.581766330653', 'spread: 0.53952500019', 'spread: 0.58931591499', 'spread: 0.480360277337', 'spread: 0.566400959268', 'spread: 0.532022744303', 'spread: 0.529262068803', 'spread: 0.615574681181'
MONRP_50_4_5_0_90 , SWAY51225, 1225, 'hv: 252086.2591', 'hv: 266748.5094', 'hv: 259331.2323', 'hv: 251276.9637', 'hv: 275772.3481', 'hv: 265325.9038', 'hv: 266703.2742', 'hv: 280540.8247', 'hv: 251843.4789', 'hv: 244256.3301', 'hv: 245241.0943', 'hv: 237128.0759', 'hv: 262737.8229', 'hv: 252299.9074', 'hv: 293302.6478', 'hv: 249285.7923', 'hv: 271677.9829', 'hv: 270450.3982', 'hv: 250571.0612', 'hv: 272897.0549', 'spread: 0.805977958387', 'spread: 0.659717380935', 'spread: 0.634085394165', 'spread: 0.643752045447', 'spread: 0.533013803832', 'spread: 0.679906399008', 'spread: 0.670133862187', 'spread: 0.578064969138', 'spread: 0.59877866771', 'spread: 0.630455319511', 'spread: 0.615678569334', 'spread: 0.666650967867', 'spread: 0.620633110985', 'spread: 0.675015923537', 'spread: 0.706092866294', 'spread: 0.77647925635', 'spread: 0.571573587549', 'spread: 0.65185223646', 'spread: 0.564351003513', 'spread: 0.646105409923'
MONRP_50_4_5_0_90 , SWAY55000, 5000, 'hv: 415794.9209', 'hv: 402356.6011', 'hv: 382159.3647', 'hv: 401508.684', 'hv: 369965.1489', 'hv: 368612.0832', 'hv: 415194.644', 'hv: 391846.1488', 'hv: 358379.6473', 'hv: 370593.7905', 'hv: 422276.1253', 'hv: 418424.2586', 'hv: 402221.9498', 'hv: 342618.1095', 'hv: 392480.486', 'hv: 380094.8836', 'hv: 405335.2098', 'hv: 424030.4803', 'hv: 391091.0999', 'hv: 415050.4973', 'spread: 0.547465024278', 'spread: 0.581391729443', 'spread: 0.61409797585', 'spread: 0.536184796453', 'spread: 0.588520212054', 'spread: 0.677646442431', 'spread: 0.508711844192', 'spread: 0.539092591305', 'spread: 0.584035748129', 'spread: 0.562263019673', 'spread: 0.54404278783', 'spread: 0.610189037912', 'spread: 0.684622823729', 'spread: 0.549308207543', 'spread: 0.621234054821', 'spread: 0.568693895039', 'spread: 0.562467302866', 'spread: 0.561698284048', 'spread: 0.611471306359', 'spread: 0.622596090285'
MONRP_50_4_5_0_90 , SWAY52500, 2500, 'hv: 411754.7836', 'hv: 375890.2787', 'hv: 383668.6636', 'hv: 330272.1344', 'hv: 353965.5052', 'hv: 388825.8525', 'hv: 366554.1826', 'hv: 334252.4093', 'hv: 380913.9786', 'hv: 379734.5374', 'hv: 387074.2457', 'hv: 356174.5404', 'hv: 381036.2167', 'hv: 366790.6171', 'hv: 375828.7631', 'hv: 396755.4933', 'hv: 389712.4887', 'hv: 388656.2047', 'hv: 375386.6746', 'hv: 410701.2696', 'spread: 0.532499720505', 'spread: 0.618340109936', 'spread: 0.570033581971', 'spread: 0.509435928554', 'spread: 0.60312717191', 'spread: 0.600118253299', 'spread: 0.572018617475', 'spread: 0.629736295192', 'spread: 0.538889887075', 'spread: 0.593721019401', 'spread: 0.59489722691', 'spread: 0.53667329014', 'spread: 0.637960769777', 'spread: 0.57747711597', 'spread: 0.640029125561', 'spread: 0.614434400396', 'spread: 0.619640333337', 'spread: 0.627650452383', 'spread: 0.503294103102', 'spread: 0.585194788227'
MONRP_50_4_5_0_90 , SWAY510000, 10000, 'hv: 201353.213', 'hv: 204506.3953', 'hv: 163510.7693', 'hv: 210193.8818', 'hv: 218492.1372', 'hv: 183072.5508', 'hv: 193953.8413', 'hv: 173032.3586', 'hv: 193269.7021', 'hv: 195312.2828', 'hv: 201988.1236', 'hv: 194016.9758', 'hv: 207149.348', 'hv: 196145.9268', 'hv: 177642.712', 'hv: 205835.8395', 'hv: 192815.8008', 'hv: 200630.4757', 'hv: 173887.8928', 'hv: 186762.0482', 'spread: 0.503548309242', 'spread: 0.569215422085', 'spread: 0.596556514921', 'spread: 0.563274056241', 'spread: 0.500717814068', 'spread: 0.560087814991', 'spread: 0.53629899881', 'spread: 0.607305664569', 'spread: 0.578466485689', 'spread: 0.610261749236', 'spread: 0.53690225032', 'spread: 0.580072757757', 'spread: 0.583981662844', 'spread: 0.532985361168', 'spread: 0.604876345564', 'spread: 0.526433927999', 'spread: 0.600280664522', 'spread: 0.600053606423', 'spread: 0.549665001312', 'spread: 0.54645274239'
MONRP_50_4_5_0_90 , NSGAII100, 100, 'hv: 257635.4523', 'hv: 647606.2776', 'hv: 654815.877', 'hv: 666726.9847', 'hv: 671534.1806', 'hv: 648283.6239', 'hv: 666061.1772', 'hv: 651002.8507', 'hv: 652585.0745', 'hv: 677558.4154', 'hv: 673167.9524', 'hv: 672949.6708', 'hv: 656768.8023', 'hv: 673550.6244', 'hv: 652788.0774', 'hv: 659813.4424', 'hv: 664722.8161', 'hv: 650292.8295', 'hv: 661645.5669', 'hv: 656586.2086', 'spread: 0.632517382107', 'spread: 0.582923699685', 'spread: 0.631831929413', 'spread: 0.54896488559', 'spread: 0.611615597751', 'spread: 0.605727594942', 'spread: 0.631733491982', 'spread: 0.614035296252', 'spread: 0.598997676407', 'spread: 0.566012620731', 'spread: 0.588600550898', 'spread: 0.610705664443', 'spread: 0.599863231544', 'spread: 0.616421756014', 'spread: 0.695328757873', 'spread: 0.629954959383', 'spread: 0.558926264828', 'spread: 0.554750054338', 'spread: 0.742896028555', 'spread: 0.628320482576'
MONRP_50_4_5_0_110 , SPEA2100, 100, 'hv: 630866.8809', 'hv: 634136.9349', 'hv: 626279.5895', 'hv: 614573.1935', 'hv: 652356.5131', 'hv: 621318.1627', 'hv: 621153.5054', 'hv: 631505.8647', 'hv: 630550.6967', 'hv: 605168.4324', 'hv: 609638.2319', 'hv: 630965.6066', 'hv: 639390.0099', 'hv: 633017.7236', 'hv: 629620.2623', 'hv: 613148.2169', 'hv: 650380.3892', 'hv: 651974.4388', 'hv: 666888.9938', 'hv: 642971.2017', 'spread: 0.615288404012', 'spread: 0.515037318812', 'spread: 0.550548385832', 'spread: 0.474822077251', 'spread: 0.521483631297', 'spread: 0.516804341459', 'spread: 0.542280980545', 'spread: 0.497415303943', 'spread: 0.518799525418', 'spread: 0.539650615752', 'spread: 0.489172452262', 'spread: 0.50959839502', 'spread: 0.533748225106', 'spread: 0.543623960081', 'spread: 0.53931630681', 'spread: 0.580790309999', 'spread: 0.572196691859', 'spread: 0.543161503583', 'spread: 0.511123559569', 'spread: 0.506616073827'
MONRP_50_4_5_0_110 , SWAY51225, 1225, 'hv: 90842.0508', 'hv: 102271.3652', 'hv: 101788.7195', 'hv: 92517.3323', 'hv: 98454.0966', 'hv: 102571.5893', 'hv: 93344.3695', 'hv: 109618.1131', 'hv: 89080.2078', 'hv: 93406.1698', 'hv: 86794.33', 'hv: 104204.631', 'hv: 93132.1464', 'hv: 95310.809', 'hv: 92165.9694', 'hv: 100370.3598', 'hv: 84317.9542', 'hv: 93970.0736', 'hv: 100147.7498', 'hv: 103121.9032', 'spread: 0.716679302274', 'spread: 0.700289297492', 'spread: 0.622956683514', 'spread: 0.714079297805', 'spread: 0.747897615329', 'spread: 0.622741967029', 'spread: 0.653238604035', 'spread: 0.709184200197', 'spread: 0.689322155857', 'spread: 0.658732960416', 'spread: 0.727595194507', 'spread: 0.632170100405', 'spread: 0.729863055885', 'spread: 0.621940617121', 'spread: 0.695432300509', 'spread: 0.65350564684', 'spread: 0.736632797567', 'spread: 0.692779538824', 'spread: 0.565294093572', 'spread: 0.697749524931'
MONRP_50_4_5_0_110 , SWAY55000, 5000, 'hv: 167545.5053', 'hv: 172178.6041', 'hv: 152583.603', 'hv: 169533.4542', 'hv: 170820.7942', 'hv: 161896.1024', 'hv: 177863.6855', 'hv: 158975.0808', 'hv: 176381.0233', 'hv: 157187.5797', 'hv: 185257.6276', 'hv: 157026.1374', 'hv: 156439.4771', 'hv: 175177.8662', 'hv: 173252.3071', 'hv: 176388.068', 'hv: 179220.2669', 'hv: 181163.212', 'hv: 184841.9196', 'hv: 166198.9372', 'spread: 0.633918265153', 'spread: 0.540247946018', 'spread: 0.645629035764', 'spread: 0.524490602672', 'spread: 0.605454024177', 'spread: 0.59505841115', 'spread: 0.677625688774', 'spread: 0.596862742643', 'spread: 0.583114112255', 'spread: 0.643944942915', 'spread: 0.630039198529', 'spread: 0.657031403834', 'spread: 0.585787809203', 'spread: 0.692226441506', 'spread: 0.575674249875', 'spread: 0.665797184491', 'spread: 0.566897869549', 'spread: 0.622232412553', 'spread: 0.57069877426', 'spread: 0.683575568682'
MONRP_50_4_5_0_110 , SWAY52500, 2500, 'hv: 209284.8301', 'hv: 214395.3556', 'hv: 198638.9066', 'hv: 228183.3949', 'hv: 193297.516', 'hv: 210745.2001', 'hv: 199013.3828', 'hv: 221635.3886', 'hv: 204006.3959', 'hv: 204938.9922', 'hv: 204101.6596', 'hv: 226782.0234', 'hv: 223638.604', 'hv: 208807.7598', 'hv: 210001.0706', 'hv: 196584.6454', 'hv: 205351.6854', 'hv: 207995.8049', 'hv: 227397.1743', 'hv: 205459.4166', 'spread: 0.66773464466', 'spread: 0.610454167394', 'spread: 0.691865406897', 'spread: 0.654093300954', 'spread: 0.676080530713', 'spread: 0.629160636602', 'spread: 0.504840151982', 'spread: 0.613682538253', 'spread: 0.664953791914', 'spread: 0.56252741622', 'spread: 0.627636089112', 'spread: 0.567851638944', 'spread: 0.572417201685', 'spread: 0.623179268295', 'spread: 0.495993981087', 'spread: 0.636674122986', 'spread: 0.605907599851', 'spread: 0.617779969351', 'spread: 0.590258610404', 'spread: 0.580841104913'
MONRP_50_4_5_0_110 , SWAY510000, 10000, 'hv: 204469.9831', 'hv: 157454.077', 'hv: 182575.2546', 'hv: 204832.688', 'hv: 182253.475', 'hv: 184021.0928', 'hv: 189655.7802', 'hv: 183942.1578', 'hv: 191857.619', 'hv: 193882.8477', 'hv: 182704.9771', 'hv: 201367.4233', 'hv: 188153.1627', 'hv: 171429.6788', 'hv: 195043.0272', 'hv: 181763.8732', 'hv: 185503.1153', 'hv: 191774.4519', 'hv: 195578.8637', 'hv: 189934.0808', 'spread: 0.546475183452', 'spread: 0.526310852896', 'spread: 0.567901632514', 'spread: 0.540510915003', 'spread: 0.592850034052', 'spread: 0.613027966649', 'spread: 0.519648617634', 'spread: 0.59571538493', 'spread: 0.550268085247', 'spread: 0.524287323159', 'spread: 0.564471888801', 'spread: 0.515659380928', 'spread: 0.525754215546', 'spread: 0.552447283168', 'spread: 0.524057870065', 'spread: 0.610552584783', 'spread: 0.67121767626', 'spread: 0.593205909447', 'spread: 0.519654253205', 'spread: 0.501222485502'
MONRP_50_4_5_0_110 , NSGAII100, 100, 'hv: 622456.1423', 'hv: 630092.9695', 'hv: 624793.8495', 'hv: 639925.6325', 'hv: 637054.0384', 'hv: 627450.049', 'hv: 637216.9335', 'hv: 655451.6961', 'hv: 630177.6778', 'hv: 635399.8682', 'hv: 651567.8975', 'hv: 657014.0723', 'hv: 627294.1036', 'hv: 634599.7497', 'hv: 656743.8626', 'hv: 634086.8136', 'hv: 635390.7112', 'hv: 611933.8524', 'hv: 655217.9922', 'hv: 638131.1008', 'spread: 0.630878312215', 'spread: 0.588393197584', 'spread: 0.661509941609', 'spread: 0.661562114979', 'spread: 0.713844357551', 'spread: 0.593369206934', 'spread: 0.564428254925', 'spread: 0.631774234488', 'spread: 0.660013049542', 'spread: 0.630709634357', 'spread: 0.623233710659', 'spread: 0.61314674331', 'spread: 0.58432477508', 'spread: 0.627982141467', 'spread: 0.639031683451', 'spread: 0.558734421037', 'spread: 0.57729209', 'spread: 0.650621365656', 'spread: 0.615949170325', 'spread: 0.576499005892'
MONRP_50_4_5_4_90 , SPEA2100, 100, 'hv: 254454.6692', 'hv: 252757.3529', 'hv: 270419.3958', 'hv: 257758.3875', 'hv: 262149.3706', 'hv: 257017.6274', 'hv: 270885.7232', 'hv: 262250.9662', 'hv: 258687.8361', 'hv: 255749.931', 'hv: 247346.4733', 'hv: 254119.4778', 'hv: 259865.7648', 'hv: 253565.5592', 'hv: 260366.2482', 'hv: 266655.462', 'hv: 260436.4957', 'hv: 251940.3606', 'hv: 258610.5163', 'hv: 265552.6604', 'spread: 0.596748911872', 'spread: 0.556492234114', 'spread: 0.546839352369', 'spread: 0.529003213142', 'spread: 0.597730483327', 'spread: 0.609867650241', 'spread: 0.571972849814', 'spread: 0.650042631046', 'spread: 0.504031338888', 'spread: 0.501552227371', 'spread: 0.501798587766', 'spread: 0.528577949149', 'spread: 0.495674622945', 'spread: 0.563345401736', 'spread: 0.543036755824', 'spread: 0.548009036851', 'spread: 0.53417933546', 'spread: 0.560256029568', 'spread: 0.545890268223', 'spread: 0.511003553205'
MONRP_50_4_5_4_90 , SWAY51225, 1225, 'hv: 290017.9651', 'hv: 322810.7586', 'hv: 308749.469', 'hv: 302415.7348', 'hv: 314754.8918', 'hv: 272931.488', 'hv: 299147.5974', 'hv: 314442.3032', 'hv: 297615.9649', 'hv: 238839.1628', 'hv: 346878.6054', 'hv: 304894.197', 'hv: 330319.3842', 'hv: 313898.5132', 'hv: 285919.4329', 'hv: 326754.1353', 'hv: 315710.9874', 'hv: 306721.2335', 'hv: 306090.5828', 'hv: 294701.7514', 'spread: 0.65733657716', 'spread: 0.716332898752', 'spread: 0.635536066632', 'spread: 0.523499544495', 'spread: 0.584680602792', 'spread: 0.682459205426', 'spread: 0.582834822338', 'spread: 0.657256193079', 'spread: 0.656676286259', 'spread: 0.657508755149', 'spread: 0.641494350365', 'spread: 0.577046940492', 'spread: 0.626841503938', 'spread: 0.818814797093', 'spread: 0.610428156154', 'spread: 0.613991343603', 'spread: 0.581918614695', 'spread: 0.55308573685', 'spread: 0.569418178151', 'spread: 0.671455806068'
MONRP_50_4_5_4_90 , SWAY55000, 5000, 'hv: 253108.5673', 'hv: 265088.8009', 'hv: 211995.0441', 'hv: 240953.3591', 'hv: 243188.3237', 'hv: 243667.0154', 'hv: 230681.2217', 'hv: 220683.8535', 'hv: 216310.3245', 'hv: 237047.6013', 'hv: 254858.2061', 'hv: 246289.8238', 'hv: 255402.2799', 'hv: 255803.2801', 'hv: 230976.3695', 'hv: 232776.074', 'hv: 253626.5724', 'hv: 212842.2957', 'hv: 235345.1178', 'hv: 265622.0574', 'spread: 0.519899146216', 'spread: 0.594973161743', 'spread: 0.652313162951', 'spread: 0.511336038903', 'spread: 0.64077458083', 'spread: 0.644226394403', 'spread: 0.580781472162', 'spread: 0.592948277817', 'spread: 0.51511797039', 'spread: 0.536056544313', 'spread: 0.617930183217', 'spread: 0.515054604474', 'spread: 0.552101666699', 'spread: 0.551656312581', 'spread: 0.565709768431', 'spread: 0.562289985324', 'spread: 0.527121411035', 'spread: 0.57710727546', 'spread: 0.639302184454', 'spread: 0.520869811834'
MONRP_50_4_5_4_90 , SWAY52500, 2500, 'hv: 347384.0697', 'hv: 358419.5817', 'hv: 336387.1825', 'hv: 363185.6951', 'hv: 368375.9077', 'hv: 368008.5904', 'hv: 351319.0963', 'hv: 348021.5475', 'hv: 354122.2375', 'hv: 378883.7934', 'hv: 335941.5288', 'hv: 370669.021', 'hv: 367743.1864', 'hv: 349402.8298', 'hv: 361315.9628', 'hv: 391914.1864', 'hv: 360269.2881', 'hv: 366585.2124', 'hv: 338478.7311', 'hv: 341962.396', 'spread: 0.553100949026', 'spread: 0.544019045359', 'spread: 0.547619231382', 'spread: 0.63191349673', 'spread: 0.659604657536', 'spread: 0.574385257561', 'spread: 0.537099377422', 'spread: 0.644784109109', 'spread: 0.671284311727', 'spread: 0.600491720484', 'spread: 0.671320763619', 'spread: 0.659763596158', 'spread: 0.619252083303', 'spread: 0.562400654543', 'spread: 0.657190295519', 'spread: 0.664566610271', 'spread: 0.624741735974', 'spread: 0.626781326083', 'spread: 0.649405654454', 'spread: 0.625420494423'
MONRP_50_4_5_4_90 , SWAY510000, 10000, 'hv: 439315.8102', 'hv: 445952.0162', 'hv: 397162.176', 'hv: 419309.725', 'hv: 421509.8628', 'hv: 435417.6943', 'hv: 430261.4915', 'hv: 438597.7424', 'hv: 433522.5266', 'hv: 437209.7732', 'hv: 418329.1554', 'hv: 436701.8081', 'hv: 377104.1621', 'hv: 451367.3494', 'hv: 455069.5042', 'hv: 422715.6663', 'hv: 390704.087', 'hv: 385287.9096', 'hv: 392314.2963', 'hv: 430557.9021', 'spread: 0.522356731914', 'spread: 0.543885011557', 'spread: 0.56411039586', 'spread: 0.614228639365', 'spread: 0.525468664471', 'spread: 0.515433080088', 'spread: 0.541354830584', 'spread: 0.553766296611', 'spread: 0.539780406117', 'spread: 0.54869647247', 'spread: 0.576923803012', 'spread: 0.475578999945', 'spread: 0.605544712153', 'spread: 0.586616582143', 'spread: 0.532445916791', 'spread: 0.504553239295', 'spread: 0.532215028404', 'spread: 0.639055179619', 'spread: 0.52984083349', 'spread: 0.528808567188'
MONRP_50_4_5_4_90 , NSGAII100, 100, 'hv: 253894.2883', 'hv: 251289.9486', 'hv: 262160.9174', 'hv: 258000.7227', 'hv: 263303.5392', 'hv: 258073.796', 'hv: 255529.319', 'hv: 261937.7101', 'hv: 257682.2703', 'hv: 254626.2341', 'hv: 256680.401', 'hv: 249381.4771', 'hv: 258799.1742', 'hv: 255105.9791', 'hv: 265452.5168', 'hv: 253452.3758', 'hv: 258753.0651', 'hv: 258456.8798', 'hv: 262283.939', 'hv: 261510.148', 'spread: 0.672214901761', 'spread: 0.636077264925', 'spread: 0.711497119806', 'spread: 0.651348035572', 'spread: 0.632869382531', 'spread: 0.642593139019', 'spread: 0.656350528066', 'spread: 0.580326223331', 'spread: 0.677108843408', 'spread: 0.675382719161', 'spread: 0.56941543', 'spread: 0.582924888397', 'spread: 0.613534032832', 'spread: 0.636969348262', 'spread: 0.680788655197', 'spread: 0.641390508836', 'spread: 0.656680130832', 'spread: 0.653067759646', 'spread: 0.588241824267', 'spread: 0.684467760382'
MONRP_50_4_5_4_110 , SPEA2100, 100, 'hv: 352894.5271', 'hv: 353747.9391', 'hv: 349976.7747', 'hv: 346428.2019', 'hv: 354623.7896', 'hv: 353777.2843', 'hv: 354661.1265', 'hv: 353009.1367', 'hv: 363835.0206', 'hv: 348487.9553', 'hv: 363407.9862', 'hv: 357645.0503', 'hv: 337714.5323', 'hv: 350601.5424', 'hv: 349057.9867', 'hv: 352470.5015', 'hv: 351806.3413', 'hv: 354621.3165', 'hv: 355067.8579', 'hv: 364245.9677', 'spread: 0.519457862622', 'spread: 0.473219524702', 'spread: 0.554589915703', 'spread: 0.57009167773', 'spread: 0.626176795566', 'spread: 0.60008710991', 'spread: 0.62884323705', 'spread: 0.545942530039', 'spread: 0.588464385431', 'spread: 0.580348504327', 'spread: 0.647836328358', 'spread: 0.574086575896', 'spread: 0.552239545145', 'spread: 0.583018892648', 'spread: 0.568626634933', 'spread: 0.587012963564', 'spread: 0.574820585702', 'spread: 0.589800671969', 'spread: 0.568488188732', 'spread: 0.535057268939'
MONRP_50_4_5_4_110 , SWAY51225, 1225, 'hv: 93941.8001', 'hv: 113977.2357', 'hv: 108492.5427', 'hv: 111385.8487', 'hv: 100505.941', 'hv: 118170.2948', 'hv: 98149.7101', 'hv: 95051.2474', 'hv: 117351.8814', 'hv: 106299.229', 'hv: 97426.0837', 'hv: 108615.4009', 'hv: 111275.0894', 'hv: 111919.4402', 'hv: 115285.9439', 'hv: 101952.7504', 'hv: 97162.5136', 'hv: 121584.8651', 'hv: 96818.6037', 'hv: 103929.3025', 'spread: 0.762819012217', 'spread: 0.620064263841', 'spread: 0.614268042009', 'spread: 0.614077186261', 'spread: 0.772638571755', 'spread: 0.660156932177', 'spread: 0.6853424641', 'spread: 0.642397760685', 'spread: 0.579248227441', 'spread: 0.669425364099', 'spread: 0.753264265668', 'spread: 0.743381043816', 'spread: 0.76760386019', 'spread: 0.621261142574', 'spread: 0.645842522205', 'spread: 0.742410732105', 'spread: 0.739598931954', 'spread: 0.698084555178', 'spread: 0.761809749379', 'spread: 0.622301760098'
MONRP_50_4_5_4_110 , SWAY55000, 5000, 'hv: 637344.8535', 'hv: 642461.9399', 'hv: 590350.5292', 'hv: 604524.1502', 'hv: 661220.473', 'hv: 610915.5644', 'hv: 622937.279', 'hv: 631871.0407', 'hv: 603180.9538', 'hv: 633713.1215', 'hv: 672691.9103', 'hv: 618346.0026', 'hv: 687136.665', 'hv: 642697.1637', 'hv: 605832.2071', 'hv: 638316.4832', 'hv: 635266.7802', 'hv: 678259.271', 'hv: 649600.4546', 'hv: 542223.0625', 'spread: 0.514261508978', 'spread: 0.542189353315', 'spread: 0.549647172494', 'spread: 0.605507554486', 'spread: 0.611746720229', 'spread: 0.505856947177', 'spread: 0.53922824368', 'spread: 0.574009560976', 'spread: 0.572999001356', 'spread: 0.578087453725', 'spread: 0.570134150415', 'spread: 0.624863438945', 'spread: 0.517453279059', 'spread: 0.597997312288', 'spread: 0.582275884984', 'spread: 0.578671035224', 'spread: 0.570215619028', 'spread: 0.583951109419', 'spread: 0.556149071205', 'spread: 0.561113632025'
MONRP_50_4_5_4_110 , SWAY52500, 2500, 'hv: 227582.7317', 'hv: 255117.8748', 'hv: 267669.2587', 'hv: 301056.9479', 'hv: 302861.8953', 'hv: 258418.8698', 'hv: 272208.0306', 'hv: 247874.4201', 'hv: 222185.4002', 'hv: 267535.3644', 'hv: 248049.4398', 'hv: 280437.8367', 'hv: 250368.8669', 'hv: 273643.694', 'hv: 253821.5131', 'hv: 291165.5062', 'hv: 277562.6174', 'hv: 277708.8156', 'hv: 280983.6155', 'hv: 266454.2606', 'spread: 0.630830647465', 'spread: 0.653100353012', 'spread: 0.614196203931', 'spread: 0.70186911473', 'spread: 0.602807955765', 'spread: 0.559169021155', 'spread: 0.503302653', 'spread: 0.633218658897', 'spread: 0.689211920141', 'spread: 0.586099059462', 'spread: 0.569113399054', 'spread: 0.421955146622', 'spread: 0.667909190272', 'spread: 0.554732705644', 'spread: 0.743117465251', 'spread: 0.66261289908', 'spread: 0.626527918996', 'spread: 0.638553928686', 'spread: 0.56239160528', 'spread: 0.624995523667'
MONRP_50_4_5_4_110 , SWAY510000, 10000, 'hv: 447955.3174', 'hv: 392215.8751', 'hv: 455837.1209', 'hv: 401765.7322', 'hv: 418627.3596', 'hv: 406610.6687', 'hv: 404351.3249', 'hv: 338230.714', 'hv: 359646.6738', 'hv: 422942.3967', 'hv: 381678.197', 'hv: 418080.1427', 'hv: 383723.2384', 'hv: 417913.5481', 'hv: 416984.2487', 'hv: 394217.2501', 'hv: 419089.3589', 'hv: 409181.0083', 'hv: 413997.8723', 'hv: 392967.2668', 'spread: 0.536813547947', 'spread: 0.576467886618', 'spread: 0.507291514729', 'spread: 0.547174301426', 'spread: 0.523084304926', 'spread: 0.629192708132', 'spread: 0.612833558725', 'spread: 0.620791388606', 'spread: 0.556800967119', 'spread: 0.520416720715', 'spread: 0.613612376524', 'spread: 0.551629099117', 'spread: 0.62883834721', 'spread: 0.514261738725', 'spread: 0.539946616331', 'spread: 0.525102472134', 'spread: 0.552902713423', 'spread: 0.530112375716', 'spread: 0.521253067155', 'spread: 0.609830167114'
MONRP_50_4_5_4_110 , NSGAII100, 100, 'hv: 353821.2133', 'hv: 357850.2249', 'hv: 357369.0193', 'hv: 347322.7149', 'hv: 356125.0095', 'hv: 344615.0153', 'hv: 361398.3721', 'hv: 353975.2427', 'hv: 352094.1751', 'hv: 351496.4137', 'hv: 361233.156', 'hv: 354209.3692', 'hv: 339861.2112', 'hv: 353888.0746', 'hv: 360769.0827', 'hv: 358055.0953', 'hv: 343907.3233', 'hv: 349835.6232', 'hv: 350635.0358', 'hv: 329761.586', 'spread: 0.621145657024', 'spread: 0.646670203557', 'spread: 0.60459347496', 'spread: 0.680687834249', 'spread: 0.677235705292', 'spread: 0.647098786791', 'spread: 0.647323257198', 'spread: 0.603213144343', 'spread: 0.621698979809', 'spread: 0.628288397142', 'spread: 0.630748798921', 'spread: 0.676112877553', 'spread: 0.634278356291', 'spread: 0.600614264338', 'spread: 0.632017732038', 'spread: 0.686065527231', 'spread: 0.561952356837', 'spread: 0.677426391061', 'spread: 0.690193921466', 'spread: 0.604416181607'
